artist_id,match_error,artist_name,spotify_name,spotify_id,spotify_similarity,spotify_popularity,spotify_followers,spotify_listeners,spotify_genre_1,spotify_genre_2,spotify_genre_3,spotify_genre_4,spotify_genre_5,spotify_genre_6,spotify_genre_7,spotify_genre_8,spotify_genre_9,spotify_genre_10,spotify_genre_11,spotify_genre_12,spotify_genre_13,spotify_genre_14,spotify_genre_15,spotify_genre_16,spotify_genre_17,spotify_genre_18,linked_artist_id
/artists/2878801-ryan-keen,,Ryan Keen,Ryan Keen,7LLZkvAZN3jH7srfTQ7woi,1,28,12378,20200,,,,,,,,,,,,,,,,,,,
/artists/3980721-renegade-brass-band,,Renegade Brass Band,Renegade Brass Band,2G6yaJOand6sjjm1DgkmoU,1,18,4628,3200,brass band,second line,,,,,,,,,,,,,,,,,
/artists/10162091-gazo,,GAZO,Gazo,5gqmbbfjcikQBzPB5Hv13I,1,73,234327,3300000,drill francais,french hip hop,pop urbaine,rap francais,,,,,,,,,,,,,,,
/artists/10159248-olivia-lanvin,,Olivia Lanvin,Olivia Lanvin,41O75LyL6R0sCQw9HefEBK,1,0,16,13,,,,,,,,,,,,,,,,,,,
/artists/150912-moguai,,Moguai,Moguai,4xgFgBZ7CRtgtHcziClOwQ,1,62,88898,2400000,edm,electro house,german techno,house,pop dance,progressive electro house,progressive house,,,,,,,,,,,,
/artists/336407-doghouse,,Doghouse,Doghouse,1jITq9KcIuunkyU9OOEqxA,1,0,55,8,,,,,,,,,,,,,,,,,,,
/artists/8602719-zhion-sound,,Zhion Sound,Zion Sounds,11YnBrShFpiRtVKKHZ97Ge,0.91,0,5,26,,,,,,,,,,,,,,,,,,,
/artists/10096911-dirty-hotline,,Dirty Hotline,Dirty Hotline,1W87zLGigu6Q1JENECIUYT,1,0,25,19,,,,,,,,,,,,,,,,,,,
/artists/6778429-wonderworld,,Wonderworld,Wonderworld,1WsymKIH9x3U5vANNK5Ktk,1,2,560,421,,,,,,,,,,,,,,,,,,,
/artists/3927536-philip-dizack,,Philip Dizack,Philip Dizack,2nJbrvWs3yqrNhHFOIuiFx,1,28,885,15100,,,,,,,,,,,,,,,,,,,
/artists/4294851-kurt-vile,,Kurt Vile,Kurt Vile,5gspAQIAH8nJUrMYgXjCJ2,1,61,430828,1400000,alternative rock,freak folk,indie folk,indie rock,modern folk rock,neo-psychedelic,philly indie,roots rock,stomp and holler,,,,,,,,,,
/artists/2355837-orquesta-buena-vista-social-club,X,Orquesta Buena Vista Social Club,"Nik Phillips, Matraville Soldiers’ Settlement School, Cape Byron Rudolf Steiner School, Newton Faulkner, Orquesta Buena Vista Social Club®, Herb Armstrong, Katie Noonan, Tim Freedman, Natalie Pa'apa'a (Blue King Brown), Omara Portuondo, Don Spencer & Angie Whiteley",1hS2yXx0nJMFPdYoAMcEqX,0.22,0,125,45,,,,,,,,,,,,,,,,,,,
/artists/2699166-sebastian-mullaert,,Sebastian Mullaert,Sebastian Mullaert,5cKPK8DCxX1R5PwQOU1huv,1,32,10470,53400,swedish electronic,,,,,,,,,,,,,,,,,,
/artists/10161996-mm-duo,,MM Duo,MME dUO,0T7MitzkjXlYlRYj3BDnGT,0.92,0,27,7,,,,,,,,,,,,,,,,,,,
/artists/671213-qboy,,QBoy,QBoy,6WHCgQAo3lQY7T4e9LMOiL,1,2,12,13,burundian pop,,,,,,,,,,,,,,,,,,
/artists/5365423-bad-nelson,,Bad Nelson...,bad nelson,710VjUkcTRTyYtNpx70B4K,0.87,22,566,9600,,,,,,,,,,,,,,,,,,,
/artists/2469066-khyam-allami,,Khyam Allami,Khyam Allami,1W2M1Lu0xG7NTtNX2gCxHW,1,9,2459,1400,arab folk,oud,,,,,,,,,,,,,,,,,
/artists/419017-hells-kitchen,,Hell's Kitchen,Hell's Kitchen,4XcCJK1rTkRJmPNQ3JAUDb,1,8,461,655,,,,,,,,,,,,,,,,,,,
/artists/2439126-unsun,,UnSun,UnSun,6gOet6ki04ZkASl49nF37y,1,30,23778,357,gothic metal,gothic symphonic metal,pixie,polish metal,slayer,symphonic metal,,,,,,,,,,,,,
/artists/9421249-anti-lilly,,Anti Lilly,Anti Lilly,0PbnRQE0uPP2QRqiPac6sn,1,42,17424,106600,jazz rap,,,,,,,,,,,,,,,,,,
/artists/170647-panic,,Panic,PANIC,25qMBvGDdStcfATTXx4R69,1,29,3953,23700,classic k-pop,k-rock,,,,,,,,,,,,,,,,,
/artists/4246611-all-faces-down,,All Faces Down,All Faces Down,0IohuWvOYtIiMCLsIXal8m,1,32,10307,37600,austrian metal,post-post-hardcore,post-screamo,,,,,,,,,,,,,,,,
/artists/5291243-david-carreira,,David Carreira,David Carreira,6tIIe4TjUAUBgebA9j53ch,1,50,236036,293100,portuguese pop,,,,,,,,,,,,,,,,,,
/artists/2487661-fred-k,,Fred K,Fred K,7iq72oZc69cUjrlhSieVQM,1,0,9,11,kikuyu gospel,,,,,,,,,,,,,,,,,,
/artists/270569-earthtone9,,Earthtone9,earthtone9,3ZzJazQ7LeJX4OzBPJSunZ,1,12,3081,1200,,,,,,,,,,,,,,,,,,,
/artists/1700693-mudbath,X,Mudbath,Mudeth,6ERwcThkHmFXYHH3TagPOY,0.77,42,5907,64099,bangalore indie,indie game soundtrack,,,,,,,,,,,,,,,,,/artists/1700693-mudbath
/artists/779347-dan-costello,,Dan Costello,Dan Costello,4Cl4Tnr3kRy72NCaLyYt4S,1,1,36,162,,,,,,,,,,,,,,,,,,,
/artists/55276-paul-personne,,Paul Personne,Paul Personne,4bF39z4TAXCZOpvbLkmvML,1,33,12743,33800,,,,,,,,,,,,,,,,,,,
/artists/2646301-brandhard,,Brandhärd,Brandhärd,3H4Lewhv1ThuWvqzOcnJQ4,1,28,6384,13800,mundart,swiss hip hop,,,,,,,,,,,,,,,,,
/artists/9318229-praxedis-hugrutti,,Praxedis Hug-Rütti,Praxedis Hug-Rütti,0cWVv3TWbCy6ZJVyPHI7z8,1,0,1,30,,,,,,,,,,,,,,,,,,,
/artists/9780209-sebastian-konrad,,Sebastian Konrad,Sebastian Konrad,1I7cqwyb1cKU55oVbvQ66C,1,12,1024,2500,swiss techno,,,,,,,,,,,,,,,,,,
/artists/2229159-arie-van-beek,,Arie Van Beek,Arie Van Beek,6eBL19o6AgZ18IwmNoUJQs,1,25,69,5700,,,,,,,,,,,,,,,,,,,
/artists/634992-david-courtin,,David Courtin,David Courtin,5NDVBErrK6dVFy1s7zzl6I,1,5,109,528,,,,,,,,,,,,,,,,,,,
/artists/10139552-young-rah,,Young Rah,Young Rah,2dgJmckUYCdEdb9gHLcwsR,1,24,11620,22700,,,,,,,,,,,,,,,,,,,
/artists/7918649-temnein,,Temnein,Temnein,4RsrtfPi1qo1U61xM40FT5,1,3,789,307,melodic death metal,,,,,,,,,,,,,,,,,,
/artists/3234016-djerv,,Djerv,Djerv,0maicLMFF0aeHwJlQgZrNa,1,30,13534,25900,norwegian rock,,,,,,,,,,,,,,,,,,
/artists/7518654-kadinja,,Kadinja,Kadinja,1MQvxiK7o7mpgtQM33l2F1,1,33,23577,24800,djent,,,,,,,,,,,,,,,,,,
/artists/9822099-noyoco,,Noyoco,Noyoco,31lgO2HbbtEja0NxuWlEIv,1,12,121,477,salzburg indie,,,,,,,,,,,,,,,,,,
/artists/9789494-slavi,,Slavi,Slavik,7qzdcfeW7JUQV3RkD4gPfv,0.91,47,59322,193800,,,,,,,,,,,,,,,,,,,
/artists/7223434-perfect-pussy,,Perfect Pussy,Perfect Pussy,1xvC1JOx3XYXNk2WqfFLxC,1,16,15233,3500,noise rock,,,,,,,,,,,,,,,,,,
/artists/9117584-aurel-hassler,,Aurel Hassler,Aurel Hassler,1AJApmiVgO00Bws7DvZU1p,1,0,0,61,,,,,,,,,,,,,,,,,,,
/artists/9219309-xyclone,,xyclone,Xyclone,5MahnQmv4JAYFE5eUTliDI,1,26,1733,19100,dancehall,,,,,,,,,,,,,,,,,,
/artists/9409499-nekromant,,Nekromant,Nekromant,0s0G7PtfWssAlO5uv9TQkp,1,16,1941,1800,swedish doom metal,,,,,,,,,,,,,,,,,,
/artists/84059-asgard,,Asgard,Asgard,3Mop2iOOH5KI1CodmQmHl8,1,22,168,840,,,,,,,,,,,,,,,,,,,
/artists/2734226-das-musical,X,Das Musical,TELL - Das Musical,0TXCjlU88SVEvbDcbvTZfE,0.76,0,4,7,,,,,,,,,,,,,,,,,,,
/artists/10098850-syvaan,X,SYVÄÄN,Musiikki Nukkua Syvään Ja Rentoutua,2x3zxnXlYCmLwaMEpXY7mu,0.29,15,46,436,,,,,,,,,,,,,,,,,,,
/artists/10006639-del-phyn,,Del Phyn,Del Phyn,5sIN0XLt3V1qUVsdtkHNTq,1,0,77,10,,,,,,,,,,,,,,,,,,,
/artists/8876524-mathieu-koss,,Mathieu Koss,Mathieu Koss,4W6fwRbqEy1dfEoE6OCyZu,1,60,7864,2000000,new french touch,,,,,,,,,,,,,,,,,,
/artists/8360463-invisible-mirror,,Invisible Mirror,Invisible Mirror,5Tr546FfHKXZBVshJczmga,1,0,129,20,swiss metal,,,,,,,,,,,,,,,,,,
/artists/3081016-emma-hill-and-her-gentlemen-callers,,Emma Hill and Her Gentlemen Callers,Emma Hill and Her Gentlemen Callers,71RRJANTF9fmPjt376F11q,1,0,74,26,alaska indie,,,,,,,,,,,,,,,,,,
/artists/8672779-alice-merton,,Alice Merton,Alice Merton,7f0OLhGgBMX9fUjm1dcPip,1,63,299726,2300000,,,,,,,,,,,,,,,,,,,
/artists/2389611-alex-ligertwood,,Alex Ligertwood,Alex Ligertwood,09EXBdxGvRyakIrU1ag9fV,1,20,385,2200,,,,,,,,,,,,,,,,,,,
/artists/9567674-ueli-schmezer,,Ueli Schmezer,Ueli Schmezer,1kYsCqDJG626eVCFIrE2FR,1,21,569,4000,chinderlieder,,,,,,,,,,,,,,,,,,
/artists/9363594-doc-flippers,,Doc Flippers,Doc Flippers,6XpMJwfMivpN5bvSeH2SPI,1,0,59,18,,,,,,,,,,,,,,,,,,,
/artists/365382-miley-cyrus,,Miley Cyrus,Miley Cyrus,5YGY8feqx7naU7z4HrwZM6,1,86,16471855,36100000,dance pop,pop,post-teen pop,,,,,,,,,,,,,,,,
/artists/220431-sweatmaster,,Sweatmaster,Sweatmaster,2GhrB6KvD9FsgG81kMsD89,1,10,1347,1200,finnish alternative rock,finnish indie,,,,,,,,,,,,,,,,,
/artists/4787283-queensberry,,Queensberry,Queensberry,7nkSJXD0RL6Fy5Hmad0nVb,1,35,10607,62200,europop,girl group,,,,,,,,,,,,,,,,,
/artists/7700099-jungle-raiders,,Jungle Raiders,Jungle Raiders,2Jdx2KuPfVfeWm7Hxmkb2L,1,2,41,79,,,,,,,,,,,,,,,,,,,
/artists/9509834-goldmeister,,Goldmeister,Goldmeister,3Yv87pT48LVmDutVD8R9TJ,1,18,4014,2400,,,,,,,,,,,,,,,,,,,
/artists/280039-dennis-chambers,,Dennis Chambers,Dennis Chambers,5tdGXBxRVers4lWxUqRMzn,1,38,31555,75100,jazz fusion,,,,,,,,,,,,,,,,,,
/artists/5130478-bernholz,,Bernholz,Bernholz,0he4g9y21yw7Mvdu4rTwm8,1,0,114,38,,,,,,,,,,,,,,,,,,,
/artists/9149054-rene-ulbrich,,René Ulbrich,René Ulbrich,3sXzIQYSGDFoy8uXEWKwNk,1,12,240,2000,,,,,,,,,,,,,,,,,,,
/artists/8795384-tom-and-jame,,Tom & Jame,Tom & Jame,6ZXRsQeAoGPspf8tNeEtPo,1,39,56876,119000,dutch edm,electro house,pop edm,progressive electro house,sky room,,,,,,,,,,,,,,
/artists/9334334-boon-goon,,Boon Goon,Boon Goon,0dLsjabgYovKNsJJT56ZKK,1,0,178,24,,,,,,,,,,,,,,,,,,,
/artists/112592-john-adams,,John Adams,John Adams,4LaimQU44rsz2kMWQmY6Bi,1,55,13710,753100,acoustic cover,viral pop,,,,,,,,,,,,,,,,,
/artists/4494618-seedy-jeezus,,Seedy Jeezus,Seedy Jeezus,79JQ1pUrBJFUIMJTEs1dVC,1,5,1556,444,australian psych,,,,,,,,,,,,,,,,,,
/artists/383451-hell-militia,,Hell Militia,Hell Militia,2D6GI5kBDDD2NXpyXn55ae,1,4,2775,279,dark black metal,french black metal,,,,,,,,,,,,,,,,,
/artists/9324594-huun-huur-tu,,huun huur tu,Huun-Huur-Tu,1bK0K2tuAcvMScEWIHt54t,0.83,37,46387,43400,siberian folk,throat singing,tuvan folk,,,,,,,,,,,,,,,,/artists/426544-huunhuurtu
/artists/9810119-chamber-of-malice,,Chamber of Malice,Chamber Of Malice,7jnmvaLEcIJPW9yraK1Q7z,1,22,12149,7200,progressive deathcore,,,,,,,,,,,,,,,,,,
/artists/413781-in-this-moment,,In This Moment,In This Moment,6tbLPxj1uQ6vsRQZI2YFCT,1,65,1052085,1500000,alternative metal,melodic metalcore,nu metal,,,,,,,,,,,,,,,,
/artists/42293-yog,,Y.o.g,Y.O.G,3q3Ngt6wrafI5HU1TAFsPf,1,1,11,6,,,,,,,,,,,,,,,,,,,
/artists/154857-underside,,Underside,Underside,0JeX0TmUhDpFjVeTSKEuMm,1,14,4601,1400,nepali indie,south asian metal,,,,,,,,,,,,,,,,,
/artists/5547423-division-men,,Division Men,The Division Men,4e9RhlBFg4bhFtXZO99wrD,0.86,1,259,111,,,,,,,,,,,,,,,,,,,
/artists/931874-sven-dohse,,Sven Dohse,Sven Dohse,7qonT8lnJs4bGaPKfwH4Hz,1,15,3030,3800,,,,,,,,,,,,,,,,,,,
/artists/10073003-danny-carls,,Danny Carls,Danny Carls,39SHrJuBzziDOPyzAUNBLL,1,0,35,57,,,,,,,,,,,,,,,,,,,
/artists/6424754-marc-kelly,,Marc Kelly,Marc kelly,7z88PwE5EqkC4lO4jFCtrv,1,0,0,2000,,,,,,,,,,,,,,,,,,,
/artists/385158-drift,,DRIFT.,DRIFT.,70cGeOjh1oxWfJZlMckLIz,1,2,132,116,,,,,,,,,,,,,,,,,,,/artists/385158-drift
/artists/3057951-ana-tijoux,,Ana Tijoux,Ana Tijoux,40JMTpVRUw90SrN4pFA6Mz,1,61,359178,656000,chilean indie,chilean rock,latin alternative,latintronica,nueva cancion,rap chileno,rap latina,reggae en espanol,,,,,,,,,,,
/artists/7381999-studio-zoo,,Studio Zoo,Studio Zoo,650rmshO4zPsuOXTmMaeqA,1,0,8,20,,,,,,,,,,,,,,,,,,,
/artists/9851669-seerugge-feger,,Seerugge Feger,Seerugge Feger,1r4mswE8EZAm6I2sHoOkwb,1,20,947,3100,swiss folk,,,,,,,,,,,,,,,,,,
/artists/422771-ear,,E.a.r,E.A.R,54KCYNPSPTLqLfuj6wca6h,1,0,0,446,,,,,,,,,,,,,,,,,,,
/artists/10000929-kit-sebastian,,Kit Sebastian,Kit Sebastian,5GSILaXo4yN4umwJK8eBBY,1,40,9913,101900,psychedelic pop,,,,,,,,,,,,,,,,,,
/artists/9692314-claire-laffut,,Claire Laffut,Claire Laffut,69zVBf7wk5vKWsTF7zE5CC,1,53,96686,505900,french indie pop,french indietronica,new french touch,nouvelle chanson francaise,,,,,,,,,,,,,,,
/artists/120966-syn,,Syn,SYN,7cEaR3OwxOjKvgUHDsk1Rr,1,45,13574,249700,gaming dubstep,,,,,,,,,,,,,,,,,,
/artists/81979-fulanito,,Fulanito,Fulanito,0hD97064k3LBUrRvfT42SE,1,55,202844,840500,latin,latin hip hop,merengue tipico,reggaeton,tropical,,,,,,,,,,,,,,
/artists/2389785-young-rebel-set,,Young Rebel Set,Young Rebel Set,3tJb7sqk201WZ0bT0pJxeM,1,31,12005,29500,,,,,,,,,,,,,,,,,,,
/artists/7062074-isolated-lines,,Isolated Lines,Isolated Lines,0oQZPRYheSAemEXGP9agN6,1,1,215,70,swiss techno,,,,,,,,,,,,,,,,,,
/artists/477564-lightning-dust,,Lightning Dust,Lightning Dust,3Uf1PaVWJ3cUp76AIzCcoO,1,23,7773,7800,canadian psychedelic rock,,,,,,,,,,,,,,,,,,
/artists/1429754-hej,,HEJ!,HEJ,0ipJx66q2VoiMXQ5T5q4Xd,0.86,6,71,277,,,,,,,,,,,,,,,,,,,
/artists/3920566-gutscrapers,,Gut-Scrapers,Gut-Scrapers,1aelV1MURttvVkO7W4SSDa,1,0,62,8,,,,,,,,,,,,,,,,,,,
/artists/9733859-la-rueda,,La Rueda,La Rueda,6XM2kn5vPAW5rSUGMt6rjF,1,6,366,586,,,,,,,,,,,,,,,,,,,
/artists/593318-etana,,Etana,Etana,6oF8gXhgD5ZTQ0biyaw4Cm,1,49,80525,187500,dancehall,lovers rock,modern reggae,,,,,,,,,,,,,,,,
/artists/9210354-raid-409,,Raid 409,Raid 409,2wxu9SI1X55rQIxsJePIGo,1,19,409,10000,swiss punk,,,,,,,,,,,,,,,,,,
/artists/2374448-harmonic-313,,Harmonic 313,Harmonic 313,2LSVtBi7E2gRXXzhHY1jXL,1,19,4227,8800,,,,,,,,,,,,,,,,,,,
/artists/509317-switch,,Switch,Switch,67xUUajI1dXaeY4e4ouwEN,1,49,18453,325100,ccm,cedm,christian pop,,,,,,,,,,,,,,,,
/artists/587033-mixhell,,Mixhell,Mixhell,2bYg3DwtzQ5LWztZHwbWb3,1,20,4217,7900,destroy techno,electro house,fidget house,,,,,,,,,,,,,,,,
/artists/306358-quatuor-danel,,Quatuor Danel,Quatuor Danel,04rlBDooBFFWAEs1v4XD5b,1,13,850,1600,quatuor a cordes,string quartet,,,,,,,,,,,,,,,,,
/artists/9425534-lhexaler,,L'Hexaler,L'Hexaler,1BNyS6oGYDwAzgl8PDDMXq,1,33,7895,16700,rap inde,,,,,,,,,,,,,,,,,,
/artists/6511684-black-star-riders,,Black Star Riders,Black Star Riders,1COfrboArH3tNjlhFsG5ys,1,36,32729,61800,modern hard rock,nwocr,,,,,,,,,,,,,,,,,
/artists/204338-lettuce,,Lettuce,Lettuce,1fZXjUQEkVbB0TvZX4qFR8,1,52,169299,415100,funk,funk rock,instrumental funk,jam band,modern funk,,,,,,,,,,,,,,
/artists/5354433-roger,,Roger,Roger,3GMoVpWJy4smKuxFuFTwXC,1,64,111618,248300,funk,post-disco,,,,,,,,,,,,,,,,,
/artists/7050449-pale-male,,Pale Male,Pale Male,6F3kOeoxc39KsXIZUkYup3,1,12,459,929,,,,,,,,,,,,,,,,,,,
/artists/4812978-gogo-penguin,,GoGo Penguin,GoGo Penguin,19f2JXwlRU26376TCKmp6L,1,48,175237,229700,british jazz,contemporary jazz,indie jazz,jazztronica,modern jazz trio,nu jazz,progressive jazz fusion,,,,,,,,,,,,
/artists/4542163-downtown-boys,,Downtown Boys,Downtown Boys,7l8uFATeRemkWEA8Gn15YC,1,22,15047,8100,rhode island indie,,,,,,,,,,,,,,,,,,
/artists/8602719-zhion-sound,,Zhion Sound,Zion Sounds,11YnBrShFpiRtVKKHZ97Ge,0.91,0,5,26,,,,,,,,,,,,,,,,,,,
/artists/6760199-death-valley-girls,,Death Valley Girls,Death Valley Girls,0EvAIYxDOmvxkCv35jfmS9,1,30,20000,24700,action rock,indie punk,la indie,,,,,,,,,,,,,,,,
/artists/269913-vows,,The Vows,The Vows,1FQFnlLXazSubnKeJCGhw9,1,11,107,2600,alternative hardcore,deep motown,,,,,,,,,,,,,,,,,
/artists/145856-sierra-sam,,Sierra Sam,Sierra Sam,72b38GYdACZTIZ18uv969E,1,7,266,1300,,,,,,,,,,,,,,,,,,,
/artists/9316-mr-pink,,Mr. Pink,Mr. Pink,649qiifF2xxNbTzrqtxlxx,1,1,35,57,,,,,,,,,,,,,,,,,,,
/artists/556512-pupkulies-and-rebecca,,Pupkulies & Rebecca,Pupkulies & Rebecca,0LtDMZWibqA2ET2EG6ny0K,1,46,33988,238100,,,,,,,,,,,,,,,,,,,
/artists/931209-lack-of-afro,,Lack of Afro,Lack Of Afro,5e3Z7HYpiVcP3TlU0a4yap,1,49,46902,385500,afrobeat,bboy,brass band,british soul,electronica,funk,modern funk,nu jazz,,,,,,,,,,,
/artists/9723234-rockabilly-bones,,Rockabilly Bones,The Rockabilly Bones,4zWsP4yHscPJDeMr5Zag3L,0.89,5,87,492,,,,,,,,,,,,,,,,,,,
/artists/432080-strife,,Strife,Strife,68qsduRCs8caw95bbF4IDD,1,31,23462,24600,california hardcore,hardcore,melodic hardcore,straight edge,vegan straight edge,,,,,,,,,,,,,,
/artists/431220-swayzak,,Swayzak,Swayzak,4Zd2v5EFS3D9h4CgnEk4qq,1,30,13793,30400,microhouse,minimal techno,,,,,,,,,,,,,,,,,
/artists/7492729-juju-rogers,,Juju Rogers,JuJu Rogers,2PC54ZJmhrs4XtbLRaE6MA,1,43,16582,98800,german jazz rap,,,,,,,,,,,,,,,,,,
/artists/412104-brutal-truth,,Brutal Truth,Brutal Truth,4TvgUScBiJZP1P9V1tmMPi,1,30,41872,16000,american grindcore,brutal death metal,crust punk,death metal,deathgrind,grindcore,new york death metal,powerviolence,thrash core,,,,,,,,,,
/artists/29915-ledisi,,Ledisi,Ledisi,60ciIY5MouLc2Y9n34DJdA,1,55,496110,636700,neo soul,new jack swing,quiet storm,r&b,urban contemporary,,,,,,,,,,,,,,
/artists/9380829-mastery-fr,,The Mastery ,The Mastery,3zaDXBQNfTDLnlSEt37BED,1,24,1186,14400,frenchcore,,,,,,,,,,,,,,,,,,
/artists/159617-otomo-yoshihide,,Otomo Yoshihide,Otomo Yoshihide's New Jazz Quintet,5QdYaNYnmMDJcPz3vCOO1b,0.61,5,1872,566,free improvisation,japanese jazz,,,,,,,,,,,,,,,,,
/artists/7617104-trolek,,Trolek,Trolek,52MTDMHjqbt5PraCYMWl9N,1,0,0,24600,,,,,,,,,,,,,,,,,,,
/artists/8883829-lowest-creature,,Lowest Creature,Lowest Creature,5c9Gljxjd5hYeaq5W0Aq1e,1,25,5277,8100,new wave of thrash metal,,,,,,,,,,,,,,,,,,
/artists/316012-gazelle,,Gazelle,Gazelle,4avg26YpNfxui1Jl40RdFU,1,36,350,72400,,,,,,,,,,,,,,,,,,,
/artists/9164049-eveline-fink,,Eveline Fink,Eveline Fink,4xbLM4gpmtzEwGQMaKNB7g,1,0,49,18,,,,,,,,,,,,,,,,,,,
/artists/10062594-astrarot,,astrarot,Astrarot,4aupNif8TzLZ6eQX7eAarG,1,0,146,41,,,,,,,,,,,,,,,,,,,
/artists/3585251-harold-lopeznussa,,Harold López-Nussa,Harold López-Nussa,0Idg159PTZKon9ZGAeCLjR,1,39,6892,9400,jazz cubano,latin jazz,modern jazz piano,,,,,,,,,,,,,,,,
/artists/8154673-ricky-galliano,,Ricky Galliano,Ricky Galliano,51BHKHpPyvBvPNJsTwTUQy,1,1,10,69,,,,,,,,,,,,,,,,,,,
/artists/707255-reaxis,,Reaxis,Re:Axis,2gYSsgZM14IS6383eMuJ66,0.92,22,1425,12600,portuguese techno,,,,,,,,,,,,,,,,,,
/artists/8073718-gold-class,,Gold Class,Gold Class,1RTevYhzs4M9S7bMehGa4h,1,17,5602,3200,melbourne indie,,,,,,,,,,,,,,,,,,
/artists/7126799-hendricks-the-hatmaker,,Hendricks the Hatmaker,Hendricks the Hatmaker,4ZCTZHlqK6P8pijej0e0hD,1,1,87,60,swiss indie folk,,,,,,,,,,,,,,,,,,
/artists/9851834-david-adorjan,,David Adorján,David Adorján,0DNM7CsdGqHfQIzBiMKFy5,1,2,0,233,,,,,,,,,,,,,,,,,,,
/artists/364743-matthias-reim,,Matthias Reim,Matthias Reim,3fgh28NoU2ArVdUdymvnf3,1,63,291331,1400000,bubblegum dance,classic schlager,german pop,german rock,partyschlager,schlager,,,,,,,,,,,,,
/artists/207319-monte-montgomery,,Monte Montgomery,Monte Montgomery,0lRHJ9PmO1uOD7LUO89KzI,1,24,5085,13600,,,,,,,,,,,,,,,,,,,
/artists/367683-singer-pur,,Singer Pur,Singer Pur,6lJvs9jj1q6FH7bjM5FDCV,1,15,1096,2100,german choir,madrigal,vocal ensemble,,,,,,,,,,,,,,,,
/artists/119958-asita-hamidis-bazaar,,Asita Hamidi's Bazaar,Asita Hamidi's Bazaar,3geq9ohksJU3OBqKegsQkd,1,1,84,42,arabic jazz,,,,,,,,,,,,,,,,,,
/artists/182470-hallucinator,,Hallucinator,Hallucinator,3WYaiHWRdQhyhjHIWNDfjL,1,27,9649,12000,darkstep,neurofunk,,,,,,,,,,,,,,,,,
/artists/4803773-marika-rossa,,Marika Rossa,Marika Rossa,4yKd2ditzVgjUGOTCXhYy3,1,34,42763,32100,dark techno,ukrainian electronic,,,,,,,,,,,,,,,,,
/artists/5067973-wild-evel-and-the-trashbones,,Wild Evel & the Trashbones,Wild Evel And The Trashbones,4plZQGkm1yC5mEX9cC2b9k,0.93,5,637,376,trash rock,,,,,,,,,,,,,,,,,,/artists/5067973-wild-evel-and-the-trashbones
/artists/170739-iggy-pop,,Iggy Pop,Iggy Pop,33EUXrFKGjpUSGacqEHhU4,1,67,1244898,4300000,alternative rock,classic rock,glam rock,new wave,permanent wave,post-punk,protopunk,punk,rock,,,,,,,,,,
/artists/7838369-cedric-zeyenne,,Cedric Zeyenne,Cedric Zeyenne,73OKr114KjbBWDamWRT8oA,1,36,3757,61400,,,,,,,,,,,,,,,,,,,
/artists/9649414-bonosera,,Bonosera,BONOSERA,20lUuhbvslC0j3adi8ua6l,1,0,84,16,,,,,,,,,,,,,,,,,,,
/artists/866567-tom-deluxx,,Tom Deluxx,Tom Deluxx,1qEed2y8Qn4bsb7hqaiJ0k,1,5,1264,492,electro trash,,,,,,,,,,,,,,,,,,
/artists/3762861-corbillard,,Corbillard,Corbillard,0uKjniMA1zVNc36Lx7osLz,1,7,592,234,,,,,,,,,,,,,,,,,,,
/artists/139480-peter-king,,Peter King,Peter King,5FP5tCzBeZnOemocPb8bOo,1,25,3671,17800,afrobeat,afropop,,,,,,,,,,,,,,,,,
/artists/57041-earthless,,Earthless,Earthless,0nsphA9KDqbJ64duYRoEBi,1,38,68141,82700,instrumental rock,instrumental stoner rock,neo-psychedelic,psychedelic doom,psychedelic space rock,retro metal,space rock,stoner metal,stoner rock,,,,,,,,,,
/artists/5289083-driven-under,,Driven Under,Driven Under,7fF2SvqcYkF86CbjUJPbq5,1,0,162,37,swiss alternative rock,,,,,,,,,,,,,,,,,,
/artists/3225241-bria-skonberg,,Bria Skonberg,Bria Skonberg,0ahtSggrsy1v2oJuKfmzGm,1,38,9746,84800,canadian modern jazz,contemporary vocal jazz,jazz trumpet,,,,,,,,,,,,,,,,
/artists/144784-corneille,,Corneille,Corneille,2GBDOaCl73BVUs2RerIme7,1,49,136246,317900,francoton,french pop,,,,,,,,,,,,,,,,,
/artists/285540-marcia-griffiths,,Marcia Griffiths,Marcia Griffiths,4qLV9FR6ZVLS6W8drD78hM,1,50,43676,453200,dub,lovers rock,reggae,rock steady,roots reggae,ska,,,,,,,,,,,,,
/artists/424118-gossip,,Gossip,Gossip,3sFTupo9UGgrujjN21BjwR,1,53,303522,774000,alternative dance,electropop,new rave,olympia wa indie,,,,,,,,,,,,,,,
/artists/5564108-thomas-gansch,,Thomas Gansch,Thomas Gansch,6uELuOUycPhUky02osfsl2,1,7,1264,411,jazz trumpet,,,,,,,,,,,,,,,,,,
/artists/64608-phil-bates,,Phil Bates,Phil Bates,6fygoNNNxp2C0CyXPYbiK0,1,1,31,42,,,,,,,,,,,,,,,,,,,
/artists/9299394-lievin,,LieVin,LieVin,4bCEw9lXrhxvEZQHxD8tJU,1,31,2078,35200,schweizer rap,swiss hip hop,swiss trap,,,,,,,,,,,,,,,,
/artists/4399178-dizzy-mandjeku,,Dizzy Mandjeku,Dizzy Mandjeku,6CYQBE0i7052MjlnKVYhBE,1,18,243,526,,,,,,,,,,,,,,,,,,,
/artists/559885-freak-power,,Freak Power,Freak Power,0uh9TDn4yP8gqCmrnIcOPJ,1,43,23210,196000,acid jazz,modern funk,,,,,,,,,,,,,,,,,
/artists/4488613-burden-remains,,The Burden Remains,The Burden Remains,30uFO9w3DNyp15CbAEiyGX,1,1,211,63,progressive thrash,swiss metal,,,,,,,,,,,,,,,,,/artists/7875669-burden-remains-ch
/artists/757771-foreign-resort,,The Foreign Resort,The Foreign Resort,6kXaD1btBJJZTzIP49biJ9,1,22,3882,8100,danish post-punk,dark post-punk,,,,,,,,,,,,,,,,,
/artists/731374-barn-owl,,Barn Owl,Barn Owl,2x57ol4nwZgmJGLSBjw58k,1,20,9174,5200,dark jazz,drone,experimental psych,new weird america,,,,,,,,,,,,,,,
/artists/3862416-rob-moir,,Rob Moir,Rob Moir,1Pa4BHYwxqvemHWy3UGEze,1,3,693,246,,,,,,,,,,,,,,,,,,,
/artists/6920069-nannab,,Nanna.b,Nanna.B,22kGWiVcrZfnvWnRZLFoXu,1,22,1413,1400,danish modern jazz,,,,,,,,,,,,,,,,,,
/artists/4261406-snakebite-uk,,Snakebite ,Snakebite,1CHz4uPXCOAXMmjWXzPcJj,1,28,2839,18500,swedish rockabilly,,,,,,,,,,,,,,,,,,
/artists/10158768-gerhard-meister,,Gerhard Meister,Gerhard Meister,15tZKkEFGbDoPLEhh9UC6l,1,0,2,34,,,,,,,,,,,,,,,,,,,
/artists/3186471-jersey-julie,,Jersey Julie,Jersey Julie Band,6WnToEG4vqoNFhkdlIrV1I,0.83,0,65,13,,,,,,,,,,,,,,,,,,,
/artists/1059088-julian-jeweil,,Julian Jeweil,Julian Jeweil,3C046bLxNmvBQyaucinAhf,1,41,78357,141600,dark techno,deep minimal techno,french techno,minimal techno,tech house,,,,,,,,,,,,,,
/artists/348590-punish-yourself,,Punish Yourself,Punish Yourself,6DXGR8jyizbhq32c22FZvZ,1,20,5140,5500,cyberpunk,,,,,,,,,,,,,,,,,,
/artists/195352-les-tireux-droches,,Les Tireux d'Roches,Les Tireux d'Roches,4FCPL8aGaSKThdK5TBJLTR,1,10,1424,964,trad quebecois,,,,,,,,,,,,,,,,,,
/artists/205652-erika-stucky,,Erika Stucky,Erika Stucky,59AvAKoyzSW6GPPccQscxb,1,11,1091,713,swiss experimental,swiss jazz,,,,,,,,,,,,,,,,,
/artists/4954643-30000-monkies,,30.000 Monkies,"30,000 monkies",6oUYst09mWEPgHLZ55cpZ4,0.93,1,422,82,belgian stoner rock,sludgecore,,,,,,,,,,,,,,,,,
/artists/6932099-klangtherapeuten,,Klangtherapeuten,KlangTherapeuten,0QcOjrywD2cdYAZfbmeVCe,1,37,8901,84200,german house,,,,,,,,,,,,,,,,,,
/artists/460590-michael-chapdelaine,,Michael Chapdelaine,Michael Chapdelaine,2odRSG6DT5vMRUN3IT2U5I,1,9,873,796,fingerstyle,,,,,,,,,,,,,,,,,,
/artists/439523-bernstein,,Bernstein,Bernstein,7zbpim75Oizpo0isUllS11,1,11,371,1500,,,,,,,,,,,,,,,,,,,/artists/439523-bernstein
/artists/410449-janet-jackson,,Janet Jackson,Janet Jackson,4qwGe91Bz9K2T8jXTZ815W,1,70,2763657,5800000,dance pop,hip pop,neo soul,new jack swing,r&b,urban contemporary,,,,,,,,,,,,,
/artists/9940384-kasbek,,Kasbek,KASBEK,4YCSm5dxC16vVRsziTsoee,1,6,26,8,,,,,,,,,,,,,,,,,,,
/artists/1287289-arms-aloft,,Arms Aloft,Arms Aloft,1MFDZ85tscoQH5M7wd0sFR,1,19,4997,3900,eau claire indie,orgcore,,,,,,,,,,,,,,,,,
/artists/71383-grand-magus,,Grand Magus,Grand Magus,7GTkjp7qsfmx8iJzBUQLmN,1,36,41057,46400,doom metal,nwothm,retro metal,stoner metal,stoner rock,swedish doom metal,swedish metal,,,,,,,,,,,,
/artists/6436639-ars-vivendi,,Ars Vivendi,Chor Ars Vivendi,1OVMIGb7tPbM1N3rUxmz41,0.81,0,0,149,,,,,,,,,,,,,,,,,,,
/artists/3325706-reverend-red,,The Reverend Red,Reverend Red & The Deacon Eds,6RBcaz2TkzAaldW6EBWqMF,0.53,0,27,5,,,,,,,,,,,,,,,,,,,
/artists/210525-michael-w-smith,,Michael W. Smith,Michael W. Smith,5aBxFPaaGk9204ssHUvXWN,1,63,393441,1300000,ccm,christian alternative rock,christian music,world worship,worship,,,,,,,,,,,,,,
/artists/1367975-catchup,,Catchup,CatchUp,14M41VoNuxxvBXaigqZ9D9,1,60,26825,547400,polish alternative rap,polish hip hop,,,,,,,,,,,,,,,,,
/artists/9355254-veronica-swift,,Veronica Swift,Veronica Swift,0YyqJ4bcQqxXdsdpgQPwtl,1,37,7698,71700,contemporary vocal jazz,,,,,,,,,,,,,,,,,,
/artists/9911874-northfolk,,Northfolk,Northfolk,67lvFOwgpS3eDy86891B9m,1,0,68,46,,,,,,,,,,,,,,,,,,,
/artists/3943581-guy-schalom,,Guy Schalom,Guy Schalom,7aloRQJYYavL5TOloXrCs3,1,5,420,378,darbuka,,,,,,,,,,,,,,,,,,
/artists/544222-mason-rack-band,,Mason Rack Band,The Mason Rack Band,3EVinNLJzD5YqSdkFKWKC7,0.88,12,1804,1200,australian blues,,,,,,,,,,,,,,,,,,
/artists/10060651-saves,,SA-VES,Sa-Ves,4ze1t89fwCQz9z6pmhAEe5,1,2,136,58,,,,,,,,,,,,,,,,,,,
/artists/9500509-aalbou,,Aalbou,Aalbou,6oiWyXbUgCFFi0yt9F8ro8,1,0,10,1,,,,,,,,,,,,,,,,,,,
/artists/227810-helene-grimaud,,Hélène Grimaud,Hélène Grimaud,0VkQgzGZUmazUc7ouT5S79,1,49,37135,421100,classical performance,classical piano,french classical piano,,,,,,,,,,,,,,,,
/artists/1597482-dog-party,,Dog Party,Dog Party,2vJjvxt06vKyDMhwtjTFie,1,20,6077,3600,diy pop punk,indie punk,sacramento indie,,,,,,,,,,,,,,,,
/artists/9167354-loge21,,Loge21,Loge21,29DWvZyWy1yvU8jpIePBYi,1,38,16166,105000,bass house,electro house,,,,,,,,,,,,,,,,,
/artists/8445693-nole-ch,,Nolé ,Nole,4U2mJ2uRCujuS1HunoHBAh,0.75,6,110,86,,,,,,,,,,,,,,,,,,,
/artists/3544596-praed,,Praed,Praed,1p7mIAR90vYjyr4bvMT5WL,1,1,400,122,,,,,,,,,,,,,,,,,,,
/artists/931158-chris-rockwell,,Chris Rockwell,Chris Rockwell,3zmld52q84MbUkk8BEb18z,1,2,50,275,,,,,,,,,,,,,,,,,,,
/artists/547789-bright-eyes,,Bright Eyes,Bright Eyes,5o206eFLx38glA2bb4zqIU,1,62,512708,1900000,anti-folk,indie folk,indie pop,indie rock,melancholia,omaha indie,stomp and holler,,,,,,,,,,,,
/artists/546253-patrick,,Patrick,Patrick,3OfyVhxHLgGVvhjorUkARW,1,37,91,7100,,,,,,,,,,,,,,,,,,,
/artists/892651-samuel-blaser,,Samuel Blaser,Samuel Blaser,6tSNZs0irdfgzczCjYrw72,1,10,322,734,jazz brass,swiss jazz,,,,,,,,,,,,,,,,,
/artists/3107336-tigerlily,,Tigerlily,Tigerlily,48xCatjXaoohtyOHrHTijG,1,41,25273,168700,,,,,,,,,,,,,,,,,,,
/artists/6747359-lune-palmer,,Lune Palmer,Lune Palmer,6hir81jcDFCcMZlObgcObG,1,0,38,13,,,,,,,,,,,,,,,,,,,
/artists/9558329-beatrice-rana,,Béatrice Rana,Beatrice Rana,0dy2MCCdtamIXLSncTg9SP,0.92,42,5043,167900,classical piano,italian classical piano,,,,,,,,,,,,,,,,,
/artists/376657-dandy-warhols,,The Dandy Warhols,The Dandy Warhols,7siPLyFwRFYQkKgWKJ5Sod,1,61,254463,2000000,alternative rock,indie rock,modern rock,rock,,,,,,,,,,,,,,,
/artists/700148-new-black,,The New Black,The New Black,2hFirf9AXUyJCA4Et14wLM,1,8,1855,798,german hard rock,,,,,,,,,,,,,,,,,,
/artists/1046786-lcp,,LCP,Lcp,6BIYXoxckrhyOBsbS1xixJ,1,0,36,25,,,,,,,,,,,,,,,,,,,
/artists/8511988-insan3like3,,Insan3like3,Insan3lik3,0ACEzksK2oPw72QtDMCUVV,0.95,37,26718,69300,complextro,electro house,gaming edm,,,,,,,,,,,,,,,,
/artists/9381039-voidz,,The Voidz,The Voidz,4nUBBtLtzqZGpdiynTJbYJ,1,56,178515,623700,modern alternative rock,,,,,,,,,,,,,,,,,,
/artists/2393089-major-lazer,,Major Lazer,Major Lazer,738wLrAtLtCtFOLvQBXOXp,1,79,6245165,20800000,dance pop,edm,electro house,moombahton,pop,pop dance,pop rap,tropical house,,,,,,,,,,,
/artists/8756224-shields-uk,,Shields ,Shields,7axtOAPWPWUITkUpTHL34I,1,26,12173,15600,metalcore,,,,,,,,,,,,,,,,,,/artists/398249-shields
/artists/8439193-clement-bazin,,Clément Bazin,Clément Bazin,2hfgVHpMzFULFuBYqJh82g,1,3,1,217,,,,,,,,,,,,,,,,,,,
/artists/400088-sohne-mannheims,,Söhne Mannheims,Söhne Mannheims,7xCzwxwDwXTTCtjcWBoNow,1,45,164029,192200,german pop,,,,,,,,,,,,,,,,,,
/artists/96730-roachford,,Roachford,Roachford,5S3EbUETKlfsBRUiBKnqer,1,45,32201,233900,british soul,,,,,,,,,,,,,,,,,,
/artists/250549-miten,,Miten,Miten,4jrXM6oLQfV9L458Luwc3P,1,51,25039,281800,kirtan,,,,,,,,,,,,,,,,,,
/artists/8552909-iivii,,IIVII,IIVII,3dqqoqEYZHPyDOgCYbUpg5,1,3,511,92,,,,,,,,,,,,,,,,,,,
/artists/1090533-ringo-deathstarr,,Ringo Deathstarr,Ringo Deathstarr,3sWLSYm3MFYosc4AZhwajg,1,42,49438,112900,american shoegaze,austindie,dream pop,dreamo,garage psych,noise pop,nu gaze,shoegaze,,,,,,,,,,,
/artists/51256-martin-sexton,,Martin Sexton,Martin Sexton,16HLVuiCN8iGYhBca7lsqE,1,37,25304,67700,alternative americana,,,,,,,,,,,,,,,,,,
/artists/468935-beppe-gambetta,,Beppe Gambetta,Beppe Gambetta,7dOHEXlwHl6Za0gibkscAp,1,18,1461,3000,fingerstyle,,,,,,,,,,,,,,,,,,
/artists/4554683-santosh-khan,,Santosh Khan,Santosh Khan,3C4ieqxE1z1LJ0HqOtKfU2,1,0,4,8,,,,,,,,,,,,,,,,,,,
/artists/9525659-motor-ch,X,Motor CH,MOTORCHARGE,6F86HG5AAsaWLiFtkgPEjq,0.74,0,25,15,,,,,,,,,,,,,,,,,,,
/artists/10085009-tayc,,Tayc,Tayc,7gU9VyFRN3JWPJ5oHOil60,1,71,654713,2900000,francoton,pop urbaine,,,,,,,,,,,,,,,,,
/artists/7036284-ekat-bork,,Ekat Bork,Ekat Bork,0ltnN8TsWOLXQEir1fMeSy,1,10,1728,1200,,,,,,,,,,,,,,,,,,,
/artists/8836569-die-sauna,,Die Sauna,Die Sauna,0CWoJCeq0sEBUSkAeqLXEO,1,19,2350,6500,german indie rock,munich indie,,,,,,,,,,,,,,,,,
/artists/146022-regina-spektor,,Regina Spektor,Regina Spektor,3z6Gk257P9jNcZbBXJNX5i,1,64,1208932,2200000,indie pop,lilith,piano rock,pop rock,,,,,,,,,,,,,,,
/artists/362455-jamaram,,Jamaram,Jamaram,1ZorPJMjMj569PdFp8Ildc,1,39,27297,78600,german reggae,,,,,,,,,,,,,,,,,,
/artists/8445758-nodegrd,,NO°RD,NO°RD,5BmnxzaE102QlUkOBlwObv,1,3,758,176,german post-punk,german punk rock,,,,,,,,,,,,,,,,,
/artists/7542249-jesse-hackett,,Jesse Hackett,Jesse Hackett,0QM0AOckHzAkMosFlgRhzf,1,3,335,376,indie jazz,,,,,,,,,,,,,,,,,,
/artists/8184098-rukhsana-merrise,,Rukhsana Merrise,Rukhsana Merrise,51WveHy70ZoLyFjZVgM9bn,1,31,5451,35800,indie anthem-folk,,,,,,,,,,,,,,,,,,
/artists/464648-song,,Song,Song,7hZPoAx7HA2zMbB97HaziK,1,9,1505,950,,,,,,,,,,,,,,,,,,,
/artists/143907-martin-bisi,,Martin Bisi,Martin Bisi,0la2jwEnzoM8QqBkSyYvsu,1,0,146,28,,,,,,,,,,,,,,,,,,,
/artists/519777-nightmare,,Nightmare,Nightmare,11CxpTfZC60MYKjL7HESKR,1,56,92407,800200,j-metal,visual kei,,,,,,,,,,,,,,,,,/artists/519777-nightmare
/artists/5053988-as-blood-runs,,As Blood Runs,As Blood Runs Black,4LjQpQc5NB5G02zqfEIex7,0.81,42,111908,86500,deathcore,melodic deathcore,melodic metalcore,metalcore,,,,,,,,,,,,,,,/artists/528609-as-blood-runs-black
/artists/144240-devil-wears-prada,,The Devil Wears Prada,The Devil Wears Prada,0NbQe5CNgh4YApOCDuHSjb,1,59,489609,750600,christian metal,christian metalcore,melodic metalcore,metalcore,post-hardcore,,,,,,,,,,,,,,
/artists/8844864-pale-white,,The Pale White,The Pale White,3uhfMjcE5HJqMIWh3Iolw0,1,46,38690,227800,english indie rock,modern alternative rock,modern rock,newcastle indie,rock,,,,,,,,,,,,,,
/artists/10163884-duo-frida,,Duo Frida,Duo Frida,3qbwslUEb5eBqfnyoXqbkl,1,0,41,10,,,,,,,,,,,,,,,,,,,
/artists/9209274-zeca-veloso,,Zeca Veloso,Zeca Veloso,6gSq4WUwOwojid2PSdq46Z,1,47,18720,257899,musica triste brasileira,,,,,,,,,,,,,,,,,,
/artists/369222-hands,,Hands,HANDS,0R3qbK96VoqUDx2skSnc2V,1,32,747,33500,,,,,,,,,,,,,,,,,,,
/artists/7263504-dj-klash,,Dj Klash,DJ Kash,0PZHBDr7z6CoGckACRD1ZV,0.93,20,292,8100,,,,,,,,,,,,,,,,,,,
/artists/6934069-damnations-day,,Damnations Day,Damnations Day,214TfIf82vvw5IfEU6p2h2,1,4,882,240,australian metal,power thrash,,,,,,,,,,,,,,,,,
/artists/518664-gangpol-und-mit,,Gangpol und Mit,Gangpol & Mit,2PlrWOhBaMEnU87npe99Gg,0.86,5,1011,420,bitpop,glitch pop,,,,,,,,,,,,,,,,,
/artists/6233844-airbox,,Air'Box,Air'Box,4Wpx5nEJypieDvX4sGwQ3J,1,0,27,8,,,,,,,,,,,,,,,,,,,
/artists/453366-spheric-universe-experience,,Spheric Universe Experience,Spheric Universe Experience,3CcaI2coIsE7MMLudLbPvq,1,11,4800,1100,french metal,melodic progressive metal,neo classical metal,progressive metal,,,,,,,,,,,,,,,
/artists/9748349-og-keemo,,OG KEEMO,OG Keemo,4gJT0OnBISFA5CPMNYBGIE,1,53,66941,197500,german alternative rap,german hip hop,german trap,german underground rap,,,,,,,,,,,,,,,
/artists/205518-samuel-jackson-five,,The Samuel Jackson Five,The Samuel Jackson Five,6DvSYxOlsQk4YPDVX9CmT7,1,13,5936,1600,laboratorio,nordic post-rock,oslo indie,post-rock,,,,,,,,,,,,,,,
/artists/7645194-intractable,,Intractable,Intractable,7ocnAB5DmM05fmdtLMpGE0,1,0,202,46,swiss metal,,,,,,,,,,,,,,,,,,
/artists/9072879-satan-fr,,Satan ,Satan,1LNgvz72fQVLe7ZNIw6Ipo,1,26,25652,13500,nwobhm,nwothm,,,,,,,,,,,,,,,,,/artists/834593-satan
/artists/4438858-strfkr,,STRFKR,STRFKR,2Tz1DTzVJ5Gyh8ZwVr6ekU,1,63,365369,2000000,alternative dance,chillwave,indie rock,indietronica,modern rock,vapor soul,,,,,,,,,,,,,
/artists/436622-condemned,,Condemned,Condemned,41o6suGH9w85f9arFqtnNL,1,11,6891,1200,brutal death metal,deathgrind,slam death metal,,,,,,,,,,,,,,,,
/artists/2047392-holgi-star,,Holgi Star,Holgi Star,5nyOcMeboyUYfqx8gko3tf,1,6,245,845,german tech house,,,,,,,,,,,,,,,,,,
/artists/419365-forest-fire,,Forest Fire,Forest Fire,2IBF8tLME76MIe1HwRL42X,1,8,2172,1100,brooklyn indie,,,,,,,,,,,,,,,,,,
/artists/294815-dado-moroni,,Dado Moroni,Dado Moroni,5ZWvQaDozNtEy2WY5ZhSzz,1,19,1402,4200,italian jazz,,,,,,,,,,,,,,,,,,
/artists/98811-daniel-powter,,Daniel Powter,Daniel Powter,7xTcuBOIAAIGDOSvwYFPzk,1,62,216551,3100000,canadian pop,neo mellow,,,,,,,,,,,,,,,,,
/artists/8046673-make-me-a-donut-ch,,MAKE ME A DONUT ,Make Me A Donut,6t1j1IalJsZUxbprOZ7yBf,1,4,1155,239,,,,,,,,,,,,,,,,,,,/artists/8046673-make-me-a-donut-ch
/artists/405330-kamasi-washington,,Kamasi Washington,Kamasi Washington,6HQYnRM4OzToCYPpVBInuU,1,62,393800,1700000,afrofuturism,contemporary jazz,indie jazz,indie soul,jazz,jazz saxophone,,,,,,,,,,,,,
/artists/9838944-ambrosius-huber,,Ambrosius Huber,Ambrosius Huber,0TsKkp8HBjgYa9wpPfnjuH,1,0,0,84700,,,,,,,,,,,,,,,,,,,
/artists/3148616-city-kill,,The City Kill,Kill The City,19Obhxi2To0uHE73LSrqtK,0.62,0,4,1100,,,,,,,,,,,,,,,,,,,
/artists/9744609-catch-my-story,,Catch My Story,Catch My Story,7BUFoouFJzOQN6ec4AUAx7,1,13,1329,1600,,,,,,,,,,,,,,,,,,,
/artists/4331346-alaclair-ensemble,,Alaclair Ensemble,Alaclair Ensemble,6qQ2if1od4FAg6ilAETwMG,1,39,25112,47200,hip hop quebecois,indie quebecois,rap montrealais,,,,,,,,,,,,,,,,
/artists/1895469-azerty,,Azerty,Azerty,5czGdwcw4N686urOEx3tgC,1,1,81,33,,,,,,,,,,,,,,,,,,,
/artists/158346-wolf,,WOLF,WOLF,1lE0mv7BSr4JzR4trCy1W9,1,43,21875,75300,,,,,,,,,,,,,,,,,,,
/artists/61197-rosenberg-trio,,The Rosenberg Trio,The Rosenberg Trio,4xIooHvSmj2aWhQGrniJSu,1,43,25065,119400,gypsy jazz,,,,,,,,,,,,,,,,,,
/artists/49023-jrocc,,J-Rocc,J-Rocc,6BnPtcU9Fb7ot2nh8tPTTo,1,0,1,35,,,,,,,,,,,,,,,,,,,
/artists/2426086-borgore,,Borgore,Borgore,7u160I5qtBYZTQMLEIJmyz,1,58,558120,1200000,brostep,classic dubstep,dubstep,edm,electro house,electronic trap,,,,,,,,,,,,,
/artists/5017278-andy-eastwood,,Andy Eastwood,Andy Eastwood,30HwHz9EtGV1DOwqR2ipdX,1,0,66,22,ukulele,,,,,,,,,,,,,,,,,,
/artists/608806-daso,,Daso,Daso,70PpOSePHXISY6UFBJt3K0,1,38,18568,87300,german techno,minimal techno,,,,,,,,,,,,,,,,,
/artists/9397224-lia-low,,Lia Low,Liah Low,4WWlUaD8vkCu20SaLxXqHX,0.93,0,0,3,,,,,,,,,,,,,,,,,,,
/artists/3525451-mattanja-joy-bradley,,Mattanja Joy Bradley,Mattanja Joy Bradley,6u9tyg6IXImKbuB5J12ush,1,36,2853,3000,dutch singer-songwriter,,,,,,,,,,,,,,,,,,
/artists/74980-schiller,,Schiller,Schiller,4tRSX1e4hJYjMNdl1TkINg,1,52,105595,261399,german techno,,,,,,,,,,,,,,,,,,
/artists/8820679-alyzee,,ALYZEE,Alyzee,4VmsYh2GKxJRTN72MZFPAX,1,0,112,13,,,,,,,,,,,,,,,,,,,
/artists/534798-body-count,,Body Count,Body Count,5KCph1z3jaSwhtwPzoYp6i,1,50,215332,327000,alternative metal,funk metal,nu metal,political hip hop,rap metal,rap rock,,,,,,,,,,,,,
/artists/937936-bianca-story,,The Bianca Story,The Bianca Story,1p6obHqCF3E42HYbyQrHhE,1,35,3374,11000,basel indie,swiss indie,swiss rock,,,,,,,,,,,,,,,,
/artists/1963258-antwerp-gipsyska-orkestra,,Antwerp Gipsy-Ska Orkestra,Antwerp Gipsy-Ska Orkestra,1i875m7Q3cFCxGDwrukhEg,1,12,2443,1700,balkan brass,gypsy punk,,,,,,,,,,,,,,,,,
/artists/8734804-ben-ashton-ch,,Ben Ashton ,Ben Ashton,7eImXmn1O255iM0fZjeSMD,1,6,197,844,,,,,,,,,,,,,,,,,,,/artists/6147989-ben-ashton
/artists/3105386-jon-porras,,Jon Porras,Jon Porras,0FDxPN4OkExGczv8cRTAZx,1,6,1373,483,,,,,,,,,,,,,,,,,,,
/artists/933879-curry-and-coco,,Curry and Coco,Curry & Coco,0LjCzwM1KOMmFuZYzI0YBP,0.85,2,429,180,,,,,,,,,,,,,,,,,,,/artists/3819031-curry-coco
/artists/6113769-josh-foley,,Josh Foley,Joshua Foley,7a7sCgysoO4LaHUhaRkbn7,0.91,0,0,2200,,,,,,,,,,,,,,,,,,,
/artists/530095-xen,,Xen,Xen,1Yso012dk6JFCIGwvCxTBS,1,47,15832,139800,schweizer rap,swiss hip hop,swiss trap,,,,,,,,,,,,,,,,
/artists/443250-wilson-pickett,,Wilson Pickett,Wilson Pickett,0N5PyKJzS3M1XNlaCL7bbE,1,61,485548,2000000,brill building pop,classic rock,classic soul,funk,memphis soul,motown,rock-and-roll,soul,southern soul,,,,,,,,,,
/artists/6575-new-found-glory,,New Found Glory,New Found Glory,4ghjRm4M2vChDfTUycx0Ce,1,63,690704,1800000,easycore,emo,pop punk,punk,skate punk,,,,,,,,,,,,,,
/artists/10082520-ippon,,Ippon,IPPON,5NxzmGijsQRL1Dq68AAbCB,1,0,38,32,,,,,,,,,,,,,,,,,,,
/artists/826583-atrain,,A-TRAIN,A-Train,4FPvke2d25HsadLpa4EnqH,1,17,0,8,,,,,,,,,,,,,,,,,,,
/artists/8597504-laura-sauvage,,Laura Sauvage,Laura Sauvage,2uPK1nXToQVkG0aXT1mEiU,1,10,2293,1500,indie quebecois,,,,,,,,,,,,,,,,,,
/artists/5806534-preatures,,The Preatures,The Preatures,5gcDZA9xXCOspWgQilUYIu,1,49,66036,388300,australian indie,australian indie rock,australian pop,,,,,,,,,,,,,,,,
/artists/8630654-hunna,,The Hunna,The Hunna,7jZycSvTyx0W9poD4PjEIG,1,59,221871,1000000,modern rock,rock,,,,,,,,,,,,,,,,,
/artists/9060964-oliver-tree,,Oliver Tree,Oliver Tree,6TLwD7HPWuiOzvXEa3oCNe,1,83,1630428,23100000,alternative hip hop,,,,,,,,,,,,,,,,,,
/artists/360802-boule,,Boule,Boule,0PxE2pKIrJ50mgu5FCJsXk,1,2,155,118,,,,,,,,,,,,,,,,,,,
/artists/5192078-die-tentakel-von-delphi,,Die Tentakel Von Delphi,Die Tentakel von Delphi,4Y7wUypNxLefo23dQexEFV,1,51,9656,301500,,,,,,,,,,,,,,,,,,,
/artists/780347-dj-scarlett,,DJ Scarlett,Dj Scarlett,04o5iVUHxYKamNzJuhFpF5,1,2,0,7700,,,,,,,,,,,,,,,,,,,
/artists/414877-robin-leduc,,Robin Leduc,Robin Leduc,2FfZUDX0UehH3yFGHsSZbh,1,5,187,507,french indie folk,french indie pop,,,,,,,,,,,,,,,,,
/artists/774470-seiji,,Seiji,Seiji,6XwHEDOkZpFRqtZDXLYHlK,1,18,984,9000,broken beat,,,,,,,,,,,,,,,,,,
/artists/6527504-cayetana,,Cayetana,Cayetana,5yC8tl2VVpS4HO758L0lSc,1,34,33908,49100,5th wave emo,bubblegrunge,indie punk,indie rock,philly indie,,,,,,,,,,,,,,
/artists/361432-next-step,,The Next Step,The Next Step,5qiLLUOcfPrzP1P1vHcgnS,1,50,79213,135400,social media pop,,,,,,,,,,,,,,,,,,
/artists/515505-susheela-raman,,Susheela Raman,Susheela Raman,3uSVvh3bPDq5XMTHElgfC2,1,38,33371,83000,afropop,world,world fusion,,,,,,,,,,,,,,,,
/artists/10128481-susanna-dill,,Susanna Dill,Susanna Dill,1xFhcXIMP347oIEuqCrtsA,1,0,6,27,,,,,,,,,,,,,,,,,,,
/artists/567660-setting-sun,,Setting Sun,Setting Sun,5RA8TOVC7HEmR8SB8VEEG8,1,1,151,113,indie fuzzpop,,,,,,,,,,,,,,,,,,
/artists/4874118-melampus,,Melampus,Melampus,5ToOdrauoILpBDZHZnepYE,1,0,224,8,,,,,,,,,,,,,,,,,,,
/artists/10106854-drezlo,,Drezlo,Drezlo,1ZSewqu6l61OVM00yGE1fL,1,29,224,75100,,,,,,,,,,,,,,,,,,,
/artists/23366-max-pezzali,,Max Pezzali,Max Pezzali,6FcVd3KlRxozcLl19FMXu9,1,55,589361,665500,classic italian pop,europop,italian adult pop,italian pop,,,,,,,,,,,,,,,
/artists/10133692-midlandfuckers,,The Midlandfuckers,The Midlandfuckers,7rN7Q8e22xvGGuFhA5lqI6,1,0,83,25,,,,,,,,,,,,,,,,,,,
/artists/9887779-neuzeitliche-bodenbelage,,NEUZEITLICHE BODENBELÄGE,Neuzeitliche Bodenbeläge,1DQySCeqkGUKROeeeKfMDp,1,5,529,459,,,,,,,,,,,,,,,,,,,
/artists/2956841-mutilation-rites,,Mutilation Rites,Mutilation Rites,60NhaZmTGP7euQlDDXjmmN,1,6,3465,435,chaotic black metal,nyc metal,usbm,voidgrind,,,,,,,,,,,,,,,
/artists/53834-figli-di-madre-ignota,,Figli di Madre Ignota,Figli Di Madre Ignota,2H4AQcgDRqSXmmCNKZzBha,1,27,4124,20600,balkan brass,,,,,,,,,,,,,,,,,,
/artists/426979-micky-dolenz,,Micky Dolenz,Micky Dolenz,1rTnNN0D3NC4hYMSB4NQse,1,24,4049,11700,,,,,,,,,,,,,,,,,,,
/artists/87912-testament,,Testament,Testament,28hJdGN1Awf7u3ifk2lVkg,1,58,758917,759400,alternative metal,death metal,groove metal,hard rock,metal,old school thrash,rock,thrash metal,,,,,,,,,,,
/artists/3440986-grand-astoria,,The Grand Astoria,The Grand Astoria,4t8HgK3ofIJs7e4G4E9Tbm,1,6,2114,524,indie psychedelic rock,russian alternative rock,,,,,,,,,,,,,,,,,
/artists/4653083-gianluca-di-ienno,,Gianluca Di Ienno,Gianluca Di Ienno,1DzAPwupQmqfgPalkF4U5G,1,7,2828,32,,,,,,,,,,,,,,,,,,,
/artists/269493-spermbirds,,Spermbirds,Spermbirds,5H2sgGYLbHq4IxVnigoxgK,1,25,5753,9600,german punk,,,,,,,,,,,,,,,,,,
